{
  "greet": {
    "precision": 0.8125,
    "recall": 0.8666666666666667,
    "f1-score": 0.8387096774193549,
    "support": 15,
    "confused_with": {
      "set_weather_alert": 1,
      "out_of_scope": 1
    }
  },
  "goodbye": {
    "precision": 1.0,
    "recall": 0.5833333333333334,
    "f1-score": 0.7368421052631579,
    "support": 12,
    "confused_with": {
      "greet": 3,
      "out_of_scope": 2
    }
  },
  "set_weather_alert": {
    "precision": 0.9583333333333334,
    "recall": 0.92,
    "f1-score": 0.9387755102040817,
    "support": 25,
    "confused_with": {
      "get_weather": 2
    }
  },
  "out_of_scope": {
    "precision": 0.9578947368421052,
    "recall": 0.9578947368421052,
    "f1-score": 0.9578947368421052,
    "support": 95,
    "confused_with": {
      "get_weather": 3,
      "bot_challenge": 1
    }
  },
  "chatbot_actions": {
    "precision": 1.0,
    "recall": 1.0,
    "f1-score": 1.0,
    "support": 6,
    "confused_with": {}
  },
  "bot_challenge": {
    "precision": 0.9,
    "recall": 0.9,
    "f1-score": 0.9,
    "support": 10,
    "confused_with": {
      "out_of_scope": 1
    }
  },
  "get_weather": {
    "precision": 0.9425287356321839,
    "recall": 1.0,
    "f1-score": 0.9704142011834319,
    "support": 82,
    "confused_with": {}
  },
  "accuracy": 0.9428571428571428,
  "macro avg": {
    "precision": 0.9387509722582319,
    "recall": 0.8896992481203008,
    "f1-score": 0.9060908901303045,
    "support": 245
  },
  "weighted avg": {
    "precision": 0.9446252638986629,
    "recall": 0.9428571428571428,
    "f1-score": 0.9406779701085375,
    "support": 245
  }
}